{
  "$schema": "https://developer.microsoft.com/json-schemas/core-build/serve.schema.json",
  "port": 4321,
  "https": true,
  "serveConfigurations": {
    "default": {
      "pageUrl": "https://contoso.sharepoint.com/sites/mySite/SitePages/myPage.aspx",
      "customActions": {
        "1e2688c4-99d8-4897-8871-a9c151ccfc87": {
          "location": "ClientSideExtension.ApplicationCustomizer",
          "properties": {
            "message": "This is a sample banner message. Update the 'message' property of the application customizer extension.",
            "textColor": "#333",
            "backgroundColor": "#ffffc6",
            "textFontSizePx": 14,
            "bannerHeightPx": 30,
            "visibleStartDate": null,
            "enableSetPreAllocatedTopHeight": false,
            "disableSiteAdminUI": false
          }
        }
      }
    }
  }
}
